0,Basketball Men's Basketball,Basketball
1,Judo Men's Extra-Lightweight,Judo
2,Football Men's Football,Football
3,Tug-Of-War Men's Tug-Of-War,Tug-Of-War
4,Speed Skating Women's 500 metres,Speed Skating
5,"Speed Skating Women's 1,000 metres",Speed Skating
6,Cross Country Skiing Men's 10 kilometres,Cross Country Skiing
7,Cross Country Skiing Men's 50 kilometres,Cross Country Skiing
8,Cross Country Skiing Men's 10/15 kilometres Pursuit,Cross Country Skiing
9,Cross Country Skiing Men's 4 x 10 kilometres Relay,Cross Country Skiing
10,Cross Country Skiing Men's 30 kilometres,Cross Country Skiing
11,Athletics Women's 100 metres,Athletics
12,Athletics Women's 4 x 100 metres Relay,Athletics
13,Ice Hockey Men's Ice Hockey,Ice Hockey
14,Swimming Men's 400 metres Freestyle,Swimming
15,Badminton Men's Singles,Badminton
16,Sailing Women's Windsurfer,Sailing
17,Biathlon Women's 7.5 kilometres Sprint,Biathlon
18,Swimming Men's 200 metres Breaststroke,Swimming
19,Swimming Men's 400 metres Breaststroke,Swimming
20,Gymnastics Men's Individual All-Around,Gymnastics
21,Gymnastics Men's Team All-Around,Gymnastics
22,Gymnastics Men's Floor Exercise,Gymnastics
23,Gymnastics Men's Horse Vault,Gymnastics
24,Gymnastics Men's Parallel Bars,Gymnastics
25,Gymnastics Men's Horizontal Bar,Gymnastics
26,Gymnastics Men's Rings,Gymnastics
27,Gymnastics Men's Pommelled Horse,Gymnastics
28,Athletics Men's Shot Put,Athletics
29,"Art Competitions Mixed Sculpturing, Unknown Event",Art Competitions
30,Alpine Skiing Men's Downhill,Alpine Skiing
31,Alpine Skiing Men's Super G,Alpine Skiing
32,Alpine Skiing Men's Giant Slalom,Alpine Skiing
33,Alpine Skiing Men's Slalom,Alpine Skiing
34,Alpine Skiing Men's Combined,Alpine Skiing
35,Handball Women's Handball,Handball
36,Weightlifting Women's Super-Heavyweight,Weightlifting
37,"Wrestling Men's Light-Heavyweight, Greco-Roman",Wrestling
38,Speed Skating Men's 500 metres,Speed Skating
39,"Speed Skating Men's 1,500 metres",Speed Skating
40,"Gymnastics Men's Team All-Around, Free System",Gymnastics
41,Luge Women's Singles,Luge
42,Water Polo Men's Water Polo,Water Polo
43,Sailing Mixed Three Person Keelboat,Sailing
44,Hockey Women's Hockey,Hockey
45,Rowing Men's Lightweight Double Sculls,Rowing
46,Athletics Men's Pole Vault,Athletics
47,Athletics Men's High Jump,Athletics
48,Sailing Men's Two Person Dinghy,Sailing
49,"Athletics Men's 1,500 metres",Athletics
50,Bobsleigh Men's Four,Bobsleigh
51,Swimming Men's 100 metres Butterfly,Swimming
52,Swimming Men's 200 metres Butterfly,Swimming
53,Swimming Men's 4 x 100 metres Medley Relay,Swimming
54,Football Women's Football,Football
55,"Fencing Men's Foil, Individual",Fencing
56,"Fencing Men's epee, Individual",Fencing
57,"Fencing Men's epee, Team",Fencing
58,"Speed Skating Men's 5,000 metres",Speed Skating
59,"Speed Skating Men's 10,000 metres",Speed Skating
60,Sailing Mixed 8 metres,Sailing
61,"Equestrianism Mixed Jumping, Individual",Equestrianism
62,Cross Country Skiing Men's 15 kilometres,Cross Country Skiing
63,"Shooting Men's Small-Bore Rifle, Prone, 50 metres",Shooting
64,"Shooting Men's Rapid-Fire Pistol, 25 metres",Shooting
65,Shooting Men's Trap,Shooting
66,Athletics Men's 4 x 100 metres Relay,Athletics
67,Athletics Men's Long Jump,Athletics
68,Boxing Men's Light-Welterweight,Boxing
69,Athletics Women's Javelin Throw,Athletics
70,"Wrestling Men's Heavyweight, Freestyle",Wrestling
71,Taekwondo Men's Flyweight,Taekwondo
72,Boxing Men's Heavyweight,Boxing
73,"Athletics Men's 5,000 metres",Athletics
74,"Cycling Men's Road Race, Individual",Cycling
75,"Cycling Men's Road Race, Team",Cycling
76,Weightlifting Men's Lightweight,Weightlifting
77,Weightlifting Men's Middleweight,Weightlifting
78,Rowing Men's Coxless Pairs,Rowing
79,Judo Men's Half-Middleweight,Judo
80,Taekwondo Women's Flyweight,Taekwondo
81,Boxing Men's Flyweight,Boxing
82,Basketball Women's Basketball,Basketball
83,Diving Men's Platform,Diving
84,"Canoeing Men's Canadian Doubles, 500 metres",Canoeing
85,"Canoeing Men's Canadian Doubles, 1,000 metres",Canoeing
86,"Canoeing Men's Kayak Fours, 1,000 metres",Canoeing
87,Handball Men's Handball,Handball
88,Rowing Women's Coxless Pairs,Rowing
89,Boxing Men's Middleweight,Boxing
90,Judo Men's Lightweight,Judo
91,Boxing Men's Featherweight,Boxing
92,Tennis Men's Doubles,Tennis
93,Shooting Mixed Skeet,Shooting
94,"Wrestling Men's Featherweight, Freestyle",Wrestling
95,Sailing Mixed Two Person Heavyweight Dinghy,Sailing
96,Athletics Women's Shot Put,Athletics
97,Rowing Men's Coxed Eights,Rowing
98,Cycling Women's Sprint,Cycling
99,Cycling Women's 500 metres Time Trial,Cycling
100,Athletics Men's 110 metres Hurdles,Athletics
101,Shooting Mixed Trap,Shooting
102,Athletics Women's Marathon,Athletics
103,Athletics Men's 100 metres,Athletics
104,"Fencing Men's Foil, Team",Fencing
105,"Fencing Men's Sabre, Team",Fencing
106,Swimming Men's 100 metres Freestyle,Swimming
107,Swimming Men's 4 x 200 metres Freestyle Relay,Swimming
108,Boxing Men's Lightweight,Boxing
109,Modern Pentathlon Men's Individual,Modern Pentathlon
110,Boxing Men's Welterweight,Boxing
111,Rowing Men's Quadruple Sculls,Rowing
112,Rowing Men's Double Sculls,Rowing
113,Rowing Men's Coxed Pairs,Rowing
114,Athletics Men's 400 metres Hurdles,Athletics
115,Athletics Men's 400 metres,Athletics
116,Athletics Men's Hammer Throw,Athletics
117,Weightlifting Men's Featherweight,Weightlifting
118,Athletics Men's 800 metres,Athletics
119,Hockey Men's Hockey,Hockey
120,Alpine Skiing Women's Slalom,Alpine Skiing
121,Rowing Women's Single Sculls,Rowing
122,Swimming Men's 50 metres Freestyle,Swimming
123,Weightlifting Women's Featherweight,Weightlifting
124,Water Polo Women's Water Polo,Water Polo
125,Figure Skating Men's Singles,Figure Skating
126,Weightlifting Men's Heavyweight,Weightlifting
127,"Equestrianism Mixed Three-Day Event, Individual",Equestrianism
128,"Equestrianism Mixed Three-Day Event, Team",Equestrianism
129,Figure Skating Mixed Team,Figure Skating
130,Sailing Women's Three Person Keelboat,Sailing
131,"Cycling Women's Road Race, Individual",Cycling
132,Golf Women's Individual,Golf
133,Softball Women's Softball,Softball
134,Archery Women's Individual,Archery
135,"Wrestling Men's Heavyweight, Greco-Roman",Wrestling
136,Volleyball Men's Volleyball,Volleyball
137,Taekwondo Women's Heavyweight,Taekwondo
138,Synchronized Swimming Women's Duet,Synchronized Swimming
139,Synchronized Swimming Women's Team,Synchronized Swimming
140,Taekwondo Women's Featherweight,Taekwondo
141,Athletics Men's Marathon,Athletics
142,Athletics Men's 4 x 400 metres Relay,Athletics
143,"Athletics Men's 10,000 metres",Athletics
144,"Athletics Women's 3,000 metres",Athletics
145,Diving Women's Platform,Diving
146,"Shooting Men's Air Rifle, 10 metres",Shooting
147,Athletics Men's 200 metres,Athletics
148,Weightlifting Men's Flyweight,Weightlifting
149,Swimming Men's 100 metres Backstroke,Swimming
150,Weightlifting Men's Light-Heavyweight,Weightlifting
151,"Wrestling Men's Lightweight, Greco-Roman",Wrestling
152,"Fencing Men's Sabre, Individual",Fencing
153,"Wrestling Men's Super-Heavyweight, Greco-Roman",Wrestling
154,"Shooting Men's Free Pistol, 50 metres",Shooting
155,"Shooting Men's Air Pistol, 10 metres",Shooting
156,Rowing Men's Coxless Fours,Rowing
157,Boxing Men's Light-Flyweight,Boxing
158,Boxing Men's Super-Heavyweight,Boxing
159,"Wrestling Men's Flyweight, Greco-Roman",Wrestling
160,"Shooting Women's Air Rifle, 10 metres",Shooting
161,Weightlifting Men's Middle-Heavyweight,Weightlifting
162,Athletics Men's Javelin Throw,Athletics
163,Volleyball Women's Volleyball,Volleyball
164,"Wrestling Men's Welterweight, Greco-Roman",Wrestling
165,"Wrestling Men's Middleweight, Greco-Roman",Wrestling
166,"Athletics Men's 3,000 metres Steeplechase",Athletics
167,"Wrestling Men's Middleweight, Freestyle",Wrestling
168,Swimming Women's 100 metres Backstroke,Swimming
169,Swimming Women's 200 metres Backstroke,Swimming
170,Swimming Women's 4 x 100 metres Medley Relay,Swimming
171,"Wrestling Men's Light-Heavyweight, Freestyle",Wrestling
172,Modern Pentathlon Men's Team,Modern Pentathlon
173,Boxing Men's Bantamweight,Boxing
174,Athletics Women's 200 metres,Athletics
175,Table Tennis Women's Singles,Table Tennis
176,Table Tennis Women's Doubles,Table Tennis
177,Shooting Men's Skeet,Shooting
178,Swimming Women's 50 metres Freestyle,Swimming
179,"Shooting Men's Small-Bore Rifle, Three Positions, 50 metres",Shooting
180,Athletics Men's Triple Jump,Athletics
181,Weightlifting Women's Lightweight,Weightlifting
182,Athletics Women's Long Jump,Athletics
183,"Fencing Women's epee, Individual",Fencing
184,Swimming Men's 200 metres Freestyle,Swimming
185,Swimming Men's 4 x 100 metres Freestyle Relay,Swimming
186,Swimming Men's 200 metres Backstroke,Swimming
187,Swimming Men's 200 metres Individual Medley,Swimming
188,Swimming Men's 400 metres Individual Medley,Swimming
189,Badminton Women's Singles,Badminton
190,Boxing Men's Light-Middleweight,Boxing
191,Tennis Men's Singles,Tennis
192,"Wrestling Men's Bantamweight, Freestyle",Wrestling
193,"Wrestling Men's Flyweight, Freestyle",Wrestling
194,"Athletics Women's 5,000 metres",Athletics
195,Weightlifting Women's Light-Heavyweight,Weightlifting
196,Weightlifting Women's Heavyweight,Weightlifting
197,Athletics Men's Discus Throw,Athletics
198,Taekwondo Men's Featherweight,Taekwondo
199,Taekwondo Men's Welterweight,Taekwondo
200,Judo Men's Heavyweight,Judo
201,Cycling Men's Sprint,Cycling
202,Bobsleigh Men's Two,Bobsleigh
203,"Wrestling Men's Lightweight, Freestyle",Wrestling
204,Nordic Combined Men's Team,Nordic Combined
205,Nordic Combined Men's Individual,Nordic Combined
206,Baseball Men's Baseball,Baseball
207,Rowing Men's Coxed Fours,Rowing
208,Cycling Men's 100 kilometres Team Time Trial,Cycling
209,Rhythmic Gymnastics Women's Group,Rhythmic Gymnastics
210,"Art Competitions Mixed Architecture, Designs For Town Planning",Art Competitions
211,"Art Competitions Mixed Architecture, Architectural Designs",Art Competitions
212,Gymnastics Women's Individual All-Around,Gymnastics
213,Gymnastics Women's Team All-Around,Gymnastics
214,Gymnastics Women's Floor Exercise,Gymnastics
215,Gymnastics Women's Horse Vault,Gymnastics
216,Gymnastics Women's Uneven Bars,Gymnastics
217,Gymnastics Women's Balance Beam,Gymnastics
218,Diving Women's Springboard,Diving
219,Diving Women's Synchronized Springboard,Diving
220,"Athletics Women's 10,000 metres",Athletics
221,Sailing Mixed 7 metres,Sailing
222,Judo Women's Half-Middleweight,Judo
223,Athletics Men's Decathlon,Athletics
224,Biathlon Men's 10 kilometres Sprint,Biathlon
225,Biathlon Men's 20 kilometres,Biathlon
226,Biathlon Men's 4 x 7.5 kilometres Relay,Biathlon
227,Freestyle Skiing Men's Moguls,Freestyle Skiing
228,"Wrestling Men's Middleweight A, Greco-Roman",Wrestling
229,Athletics Women's Discus Throw,Athletics
230,Swimming Women's 4 x 100 metres Freestyle Relay,Swimming
231,"Athletics Women's 1,500 metres",Athletics
232,"Shooting Women's Air Pistol, 10 metres",Shooting
233,"Shooting Women's Sporting Pistol, 25 metres",Shooting
234,"Canoeing Men's Kayak Doubles, 500 metres",Canoeing
235,"Canoeing Men's Kayak Singles, 500 metres",Canoeing
236,"Canoeing Men's Kayak Singles, 1,000 metres",Canoeing
237,"Shooting Men's Running Target, 50 metres",Shooting
238,Judo Women's Half-Heavyweight,Judo
239,Athletics Women's Pole Vault,Athletics
240,Rugby Sevens Women's Rugby Sevens,Rugby Sevens
241,Table Tennis Men's Team,Table Tennis
242,Figure Skating Mixed Pairs,Figure Skating
243,Freestyle Skiing Men's Aerials,Freestyle Skiing
244,Rowing Women's Coxed Eights,Rowing
245,Athletics Women's 4 x 400 metres Relay,Athletics
246,Alpine Skiing Women's Giant Slalom,Alpine Skiing
247,Alpine Skiing Women's Super G,Alpine Skiing
248,Cross Country Skiing Women's 5 kilometres,Cross Country Skiing
249,Cross Country Skiing Women's 10 kilometres,Cross Country Skiing
250,Cross Country Skiing Women's 20 kilometres,Cross Country Skiing
251,"Cycling Men's 1,000 metres Time Trial",Cycling
252,"Cycling Men's Individual Pursuit, 4,000 metres",Cycling
253,"Wrestling Men's Welterweight, Freestyle",Wrestling
254,"Wrestling Men's Bantamweight, Greco-Roman",Wrestling
255,Rowing Women's Lightweight Double Sculls,Rowing
256,Athletics Women's 800 metres,Athletics
257,Rowing Women's Coxed Quadruple Sculls,Rowing
258,Biathlon Men's 12.5 kilometres Pursuit,Biathlon
259,Biathlon Mixed 2 x 6 kilometres and 2 x 7.5 kilometres Relay,Biathlon
260,Rhythmic Gymnastics Women's Individual,Rhythmic Gymnastics
261,"Canoeing Men's Kayak Singles, Slalom",Canoeing
262,Archery Men's Individual,Archery
263,Archery Men's Team,Archery
264,"Speed Skating Women's 1,500 metres",Speed Skating
265,Speed Skating Women's Team Pursuit (6 laps),Speed Skating
266,Cross Country Skiing Men's Sprint,Cross Country Skiing
267,Athletics Women's 400 metres,Athletics
268,Figure Skating Women's Singles,Figure Skating
269,"Speed Skating Men's 1,000 metres",Speed Skating
270,Trampolining Men's Individual,Trampolining
271,Beach Volleyball Men's Beach Volleyball,Beach Volleyball
272,"Cycling Women's Mountainbike, Cross-Country",Cycling
273,"Athletics Men's Javelin Throw, Both Hands",Athletics
274,Triathlon Women's Olympic Distance,Triathlon
275,Gymnastics Women's Team Portable Apparatus,Gymnastics
276,"Cycling Men's Mountainbike, Cross-Country",Cycling
277,Athletics Women's 400 metres Hurdles,Athletics
278,Diving Men's Springboard,Diving
279,"Wrestling Men's Featherweight, Greco-Roman",Wrestling
280,Table Tennis Men's Singles,Table Tennis
281,Art Competitions Mixed Painting,Art Competitions
282,Cross Country Skiing Women's 3 x 5 kilometres Relay,Cross Country Skiing
283,Judo Men's Open Class,Judo
284,Rowing Women's Quadruple Sculls,Rowing
285,"Gymnastics Men's Team All-Around, Swedish System",Gymnastics
286,Nordic Combined Men's Sprint,Nordic Combined
287,Athletics Women's Pentathlon,Athletics
288,"Art Competitions Mixed Painting, Unknown Event",Art Competitions
289,"Cycling Men's Team Pursuit, 4,000 metres",Cycling
290,Weightlifting Women's Middleweight,Weightlifting
291,"Swimming Men's 1,500 metres Freestyle",Swimming
292,"Wrestling Women's Light-Heavyweight, Freestyle",Wrestling
293,Swimming Women's 100 metres Freestyle,Swimming
294,"Equestrianism Men's Jumping, Individual",Equestrianism
295,"Equestrianism Men's Jumping, Team",Equestrianism
296,"Equestrianism Men's Three-Day Event, Individual",Equestrianism
297,"Equestrianism Men's Three-Day Event, Team",Equestrianism
298,Alpine Skiing Women's Combined,Alpine Skiing
299,Athletics Women's High Jump,Athletics
300,"Ski Jumping Men's Normal Hill, Individual",Ski Jumping
301,"Canoeing Women's Kayak Fours, 500 metres",Canoeing
302,Ice Hockey Women's Ice Hockey,Ice Hockey
303,Sailing Men's One Person Dinghy,Sailing
304,Trampolining Women's Individual,Trampolining
305,Curling Men's Curling,Curling
306,Art Competitions Mixed Literature,Art Competitions
307,Judo Men's Middleweight,Judo
308,Biathlon Women's 15 kilometres,Biathlon
309,Biathlon Women's 3 x 7.5 kilometres Relay,Biathlon
310,Biathlon Women's 4 x 7.5 kilometres Relay,Biathlon
311,Judo Men's Half-Lightweight,Judo
312,"Fencing Women's Foil, Team",Fencing
313,Swimming Women's 200 metres Butterfly,Swimming
314,Swimming Women's 400 metres Individual Medley,Swimming
315,Golf Men's Individual,Golf
316,Athletics Men's Standing High Jump,Athletics
317,Athletics Men's Standing Long Jump,Athletics
318,Athletics Men's 20 kilometres Walk,Athletics
319,Swimming Men's 220 yard Freestyle,Swimming
320,Swimming Men's 880 yard Freestyle,Swimming
321,Swimming Men's One Mile Freestyle,Swimming
322,Swimming Men's 4 x 50 Yard Freestyle Relay,Swimming
323,Swimming Men's Plunge For Distance,Swimming
324,"Shooting Men's Free Rifle, Three Positions, 300 metres",Shooting
325,"Shooting Men's Military Rifle, Three Positions, 300 metres",Shooting
326,"Shooting Men's Military Rifle, Any Position, 600 metres",Shooting
327,"Shooting Men's Military Rifle, 200, 400, 500 and 600 metres, Team",Shooting
328,"Shooting Men's Military Rifle, Prone, 300 metres",Shooting
329,Judo Men's Half-Heavyweight,Judo
330,Archery Women's Team,Archery
331,Athletics Men's 50 kilometres Walk,Athletics
332,Rowing Women's Double Sculls,Rowing
333,Sailing Mixed 6 metres,Sailing
334,Boxing Men's Light-Heavyweight,Boxing
335,Boxing Women's Flyweight,Boxing
336,Athletics Women's 100 metres Hurdles,Athletics
337,"Athletics Men's Discus Throw, Greek Style",Athletics
338,Curling Women's Curling,Curling
339,Sailing Mixed One Person Dinghy,Sailing
340,"Wrestling Women's Heavyweight, Freestyle",Wrestling
341,Badminton Mixed Doubles,Badminton
342,"Fencing Women's Foil, Individual",Fencing
343,Sailing Mixed Two Person Keelboat,Sailing
344,"Shooting Men's Military Rifle, 300 metres and 600 metres, Prone, Team",Shooting
345,Table Tennis Men's Doubles,Table Tennis
346,"Wrestling Men's Light-Flyweight, Freestyle",Wrestling
347,"Wrestling Women's Featherweight, Freestyle",Wrestling
348,Swimming Women's 200 metres Freestyle,Swimming
349,Swimming Women's 400 metres Freestyle,Swimming
350,Swimming Women's 200 metres Individual Medley,Swimming
351,Sailing Men's Windsurfer,Sailing
352,Freestyle Skiing Men's Slopestyle,Freestyle Skiing
353,"Shooting Men's Running Target, Single Shot",Shooting
354,"Shooting Men's Running Target, Double Shot",Shooting
355,Rugby Sevens Men's Rugby Sevens,Rugby Sevens
356,"Wrestling Women's Lightweight, Freestyle",Wrestling
357,Modern Pentathlon Women's Individual,Modern Pentathlon
358,"Canoeing Men's Canadian Doubles, Slalom",Canoeing
359,Judo Women's Half-Lightweight,Judo
360,Diving Women's Plain High,Diving
361,"Equestrianism Men's Dressage, Individual",Equestrianism
362,"Equestrianism Men's Dressage, Team",Equestrianism
363,"Tennis Women's Singles, Covered Courts",Tennis
364,Diving Men's Plain High,Diving
365,"Shooting Mixed Small-Bore Rifle, Three Positions, 50 metres",Shooting
366,"Shooting Mixed Small-Bore Rifle, Prone, 50 metres",Shooting
367,Swimming Women's 800 metres Freestyle,Swimming
368,Sailing Women's Two Person Dinghy,Sailing
369,Alpine Skiing Women's Downhill,Alpine Skiing
370,"Shooting Men's Free Pistol, 50 metres, Team",Shooting
371,"Shooting Men's Free Rifle, Three Positions, 300 metres, Team",Shooting
372,"Shooting Men's Military Rifle, Prone, 300 metres, Team",Shooting
373,"Shooting Men's Military Rifle, Prone, 600 metres, Team",Shooting
374,"Shooting Men's Military Rifle, Standing, 300 metres, Team",Shooting
375,"Shooting Men's Free Rifle, Prone, 600 metres",Shooting
376,"Shooting Men's Free Rifle, 400, 600 and 800 metres, Team",Shooting
377,Rowing Men's Single Sculls,Rowing
378,"Cycling Men's Tandem Sprint, 2,000 metres",Cycling
379,Freestyle Skiing Women's Halfpipe,Freestyle Skiing
380,Athletics Women's Heptathlon,Athletics
381,Cycling Men's Points Race,Cycling
382,Synchronized Swimming Women's Solo,Synchronized Swimming
383,"Equestrianism Mixed Dressage, Individual",Equestrianism
384,"Equestrianism Mixed Dressage, Team",Equestrianism
385,Cross Country Skiing Men's 18 kilometres,Cross Country Skiing
386,Swimming Men's 100 metres Breaststroke,Swimming
387,Figure Skating Mixed Ice Dancing,Figure Skating
388,"Shooting Mixed Free Pistol, 50 metres",Shooting
389,Sailing Women's Skiff,Sailing
390,"Canoeing Men's Kayak Doubles, 10,000 metres",Canoeing
391,Triathlon Men's Olympic Distance,Triathlon
392,Sailing Women's One Person Dinghy,Sailing
393,Cross Country Skiing Women's 30 kilometres,Cross Country Skiing
394,Cross Country Skiing Women's 15 km Skiathlon,Cross Country Skiing
395,Rowing Men's 17-Man Naval Rowing Boats,Rowing
396,Beach Volleyball Women's Beach Volleyball,Beach Volleyball
397,Weightlifting Men's Super-Heavyweight,Weightlifting
398,Rowing Men's Lightweight Coxless Fours,Rowing
399,"Wrestling Men's Light-Flyweight, Greco-Roman",Wrestling
400,"Canoeing Men's Canadian Singles, 1,000 metres",Canoeing
401,Sailing Mixed 5.5 metres,Sailing
402,"Equestrianism Mixed Jumping, Team",Equestrianism
403,Diving Men's Synchronized Platform,Diving
404,Snowboarding Men's Halfpipe,Snowboarding
405,"Canoeing Women's Kayak Singles, Slalom",Canoeing
406,Weightlifting Women's Flyweight,Weightlifting
407,Swimming Women's 100 metres Breaststroke,Swimming
408,Swimming Women's 200 metres Breaststroke,Swimming
409,"Wrestling Men's Middleweight B, Greco-Roman",Wrestling
410,Athletics Men's Stone Throw,Athletics
411,"Athletics Men's Javelin Throw, Freestyle",Athletics
412,Athletics Men's Pentathlon (Ancient),Athletics
413,"Shooting Women's Small-Bore Rifle, Three Positions, 50 metres",Shooting
414,Swimming Women's 100 metres Butterfly,Swimming
415,Weightlifting Men's Heavyweight I,Weightlifting
416,"Athletics Women's 3,000 metres Steeplechase",Athletics
417,"Athletics Men's Shot Put, Both Hands",Athletics
418,"Ski Jumping Men's Large Hill, Individual",Ski Jumping
419,"Ski Jumping Men's Large Hill, Team",Ski Jumping
420,Shooting Women's Trap,Shooting
421,Badminton Men's Doubles,Badminton
422,Swimming Women's 4 x 200 metres Freestyle Relay,Swimming
423,Athletics Men's 10 kilometres Walk,Athletics
424,Athletics Women's 20 kilometres Walk,Athletics
425,Athletics Women's 80 metres Hurdles,Athletics
426,Sailing Men's One Person Heavyweight Dinghy,Sailing
427,Freestyle Skiing Women's Aerials,Freestyle Skiing
428,"Art Competitions Mixed Painting, Paintings",Art Competitions
429,"Tennis Mixed Doubles, Covered Courts",Tennis
430,Cycling Men's Madison,Cycling
431,"Art Competitions Mixed Sculpturing, Statues",Art Competitions
432,Rugby Men's Rugby,Rugby
433,Weightlifting Men's Heavyweight II,Weightlifting
434,"Canoeing Women's Kayak Doubles, 500 metres",Canoeing
435,"Short Track Speed Skating Men's 5,000 metres Relay",Short Track Speed Skating
436,Cycling Men's Individual Time Trial,Cycling
437,Judo Women's Heavyweight,Judo
438,"Canoeing Men's Kayak Doubles, 1,000 metres",Canoeing
439,"Gymnastics Men's Individual All-Around, 5 Events",Gymnastics
440,"Wrestling Men's Super-Heavyweight, Freestyle",Wrestling
441,Biathlon Women's 10 kilometres Pursuit,Biathlon
442,Biathlon Women's 12.5 kilometres Mass Start,Biathlon
443,Biathlon Women's 4 x 6 kilometres Relay,Biathlon
444,"Fencing Women's Sabre, Team",Fencing
445,Shooting Men's Double Trap,Shooting
446,Weightlifting Men's Bantamweight,Weightlifting
447,Taekwondo Men's Heavyweight,Taekwondo
448,Sailing Mixed Windsurfer,Sailing
449,Taekwondo Women's Welterweight,Taekwondo
450,"Shooting Mixed Free Rifle, Three Positions, 300 metres",Shooting
451,Skeleton Men's Skeleton,Skeleton
452,Cycling Men's 50 kilometres,Cycling
453,"Shooting Mixed Rapid-Fire Pistol, 25 metres",Shooting
454,Cycling Men's 333 metres Time Trial,Cycling
455,Cycling Men's 20 kilometres,Cycling
456,"Canoeing Men's Kayak Singles, 10,000 metres",Canoeing
457,Sailing Mixed Open,Sailing
458,Sailing Mixed 1-2 Ton,Sailing
459,"Canoeing Men's Canadian Singles, Slalom",Canoeing
460,Luge Men's Singles,Luge
461,Luge Mixed (Men)'s Doubles,Luge
462,Sailing Mixed Multihull,Sailing
463,Badminton Women's Doubles,Badminton
464,"Speed Skating Women's 3,000 metres",Speed Skating
465,Cross Country Skiing Women's 5/10 kilometres Pursuit,Cross Country Skiing
466,Cross Country Skiing Women's 4 x 5 kilometres Relay,Cross Country Skiing
467,Cross Country Skiing Women's 15 kilometres,Cross Country Skiing
468,Cross Country Skiing Women's 5/5 kilometres Pursuit,Cross Country Skiing
469,Diving Women's Synchronized Platform,Diving
470,Athletics Women's Triple Jump,Athletics
471,Skeleton Women's Skeleton,Skeleton
472,Bobsleigh Men's Four/Five,Bobsleigh
473,"Art Competitions Mixed Painting, Drawings And Water Colors",Art Competitions
474,"Shooting Men's Dueling Pistol, 30 metres",Shooting
475,Boxing Women's Lightweight,Boxing
476,Cycling Women's BMX,Cycling
477,"Canoeing Men's Kayak Doubles, 200 metres",Canoeing
478,"Fencing Men's Sabre, Masters, Individual",Fencing
479,Lacrosse Men's Lacrosse,Lacrosse
480,"Canoeing Women's Kayak Singles, 500 metres",Canoeing
481,Athletics Women's 10 kilometres Walk,Athletics
482,Sailing Mixed 12 metres,Sailing
483,Judo Women's Extra-Lightweight,Judo
484,Diving Men's Synchronized Springboard,Diving
485,"Rowing Men's Coxed Fours, Outriggers",Rowing
486,Gymnastics Men's Rope Climbing,Gymnastics
487,Sailing Mixed Two Person Dinghy,Sailing
488,"Art Competitions Mixed Architecture, Unknown Event",Art Competitions
489,"Archery Men's Target Archery, 28 metres, Team",Archery
490,"Archery Men's Target Archery, 33 metres, Team",Archery
491,"Archery Men's Target Archery, 50 metres, Team",Archery
492,"Short Track Speed Skating Women's 3,000 metres Relay",Short Track Speed Skating
493,Freestyle Skiing Women's Moguls,Freestyle Skiing
494,Short Track Speed Skating Men's 500 metres,Short Track Speed Skating
495,"Shooting Men's Running Target, 10 metres",Shooting
496,Polo Men's Polo,Polo
497,"Rowing Men's Coxed Fours, Inriggers",Rowing
498,Cycling Men's BMX,Cycling
499,Art Competitions Mixed Sculpturing,Art Competitions
500,"Athletics Men's Cross-Country, Individual",Athletics
501,"Athletics Men's Cross-Country, Team",Athletics
502,Sailing Mixed 40 metres,Sailing
503,Cross Country Skiing Men's 10/10 kilometres Pursuit,Cross Country Skiing
504,"Ski Jumping Women's Normal Hill, Individual",Ski Jumping
505,"Short Track Speed Skating Men's 1,000 metres",Short Track Speed Skating
506,"Short Track Speed Skating Men's 1,500 metres",Short Track Speed Skating
507,Gymnastics Men's Club Swinging,Gymnastics
508,Tennis Women's Singles,Tennis
509,Tennis Mixed Doubles,Tennis
510,Tennis Women's Doubles,Tennis
511,Judo Women's Middleweight,Judo
512,Judo Women's Lightweight,Judo
513,Cross Country Skiing Men's Team Sprint,Cross Country Skiing
514,Snowboarding Women's Halfpipe,Snowboarding
515,"Canoeing Women's Kayak Singles, 200 metres",Canoeing
516,Canoeing Men's Kayak Relay 4 x 500 metres,Canoeing
517,"Athletics Men's 3,000 metres, Team",Athletics
518,Cross Country Skiing Women's Sprint,Cross Country Skiing
519,"Shooting Men's Small-Bore Rifle, Prone, 50 and 100 yards",Shooting
520,"Shooting Men's Small-Bore Rifle, 50 and 100 yards, Team",Shooting
521,"Shooting Men's Small-Bore Rifle, Disappearing Target, 25 yards",Shooting
522,"Shooting Men's Small-Bore Rifle, Moving Target, 25 yards",Shooting
523,"Shooting Men's Military Pistol, Team",Shooting
524,Rowing Women's Coxed Fours,Rowing
525,"Weightlifting Men's Unlimited, One Hand",Weightlifting
526,"Canoeing Men's Canadian Singles, 500 metres",Canoeing
527,"Fencing Men's Foil, Masters, Individual",Fencing
528,"Fencing Men's epee, Masters, Individual",Fencing
529,"Gymnastics Men's Individual All-Around, Field Sports",Gymnastics
530,"Gymnastics Men's Individual All-Around, Apparatus Work",Gymnastics
531,"Art Competitions Mixed Music, Compositions For Solo Or Chorus",Art Competitions
532,"Fencing Women's epee, Team",Fencing
533,"Swimming Men's 4,000 metres Freestyle",Swimming
534,Swimming Men's Underwater Swimming,Swimming
535,Sailing Mixed Skiff,Sailing
536,"Shooting Men's Military Rifle, 200/500/600/800/900/1,000 Yards, Team",Shooting
537,"Shooting Men's Running Target, Single And Double Shot",Shooting
538,"Shooting Men's Small-Bore Rifle, Any Position, 50 metres",Shooting
539,"Shooting Men's Small-Bore Rifle, Disappearing Target, 25 metres",Shooting
540,Swimming Women's 10 kilometres Open Water,Swimming
541,Snowboarding Women's Slopestyle,Snowboarding
542,Snowboarding Men's Giant Slalom,Snowboarding
543,Snowboarding Men's Parallel Giant Slalom,Snowboarding
544,Snowboarding Men's Boardercross,Snowboarding
545,Snowboarding Men's Parallel Slalom,Snowboarding
546,"Cycling Men's Team Pursuit, 1,980 yards",Cycling
547,"Cycling Men's 5,000 metres",Cycling
548,Cycling Men's 100 kilometres,Cycling
549,Cricket Men's Cricket,Cricket
550,"Canoeing Men's Canadian Singles, 10,000 metres",Canoeing
551,Cross Country Skiing Women's Team Sprint,Cross Country Skiing
552,Boxing Women's Middleweight,Boxing
553,Sailing Men's Skiff,Sailing
554,Athletics Men's Pentathlon,Athletics
555,"Swimming Men's 1,200 metres Freestyle",Swimming
556,Shooting Women's Skeet,Shooting
557,Biathlon Men's 15 kilometres Mass Start,Biathlon
558,Cross Country Skiing Men's 30 km Skiathlon,Cross Country Skiing
559,Cycling Men's 1/4 mile,Cycling
560,Cycling Men's 1/2 mile,Cycling
561,Cycling Men's 5 mile,Cycling
562,Cycling Men's 25 mile,Cycling
563,"Shooting Men's Small-Bore Rifle, Standing, 50 metres",Shooting
564,"Shooting Men's Small Bore-Rifle, Standing, 50 metres, Team",Shooting
565,Speed Skating Men's Team Pursuit (8 laps),Speed Skating
566,"Shooting Men's Free Rifle, 1,000 Yards",Shooting
567,Cycling Women's Team Pursuit,Cycling
568,"Speed Skating Women's 5,000 metres",Speed Skating
569,"Athletics Men's 3,000 metres Walk",Athletics
570,Snowboarding Women's Boardercross,Snowboarding
571,"Shooting Mixed Running Target, 50 metres",Shooting
572,Luge Mixed Team Relay,Luge
573,Cycling Women's Individual Time Trial,Cycling
574,"Fencing Women's Sabre, Individual",Fencing
575,"Fencing Men's Sabre, Individual, Three Hits",Fencing
576,Archery Women's Double National Round,Archery
577,Cycling Men's Omnium,Cycling
578,Equestrianism Mixed Hacks And Hunter Combined,Equestrianism
579,Sailing Mixed 10 metres,Sailing
580,"Shooting Men's Trap, Team",Shooting
581,"Cycling Women's Individual Pursuit, 3,000 metres",Cycling
582,Cycling Women's Points Race,Cycling
583,Sailing Men's Two Person Keelboat,Sailing
584,Cycling Men's Keirin,Cycling
585,Cycling Men's Team Sprint,Cycling
586,Athletics Men's 5 mile,Athletics
587,"Shooting Men's Running Target, Single Shot, Team",Shooting
588,Bobsleigh Women's Two,Bobsleigh
589,Racquets Men's Singles,Racquets
590,Racquets Men's Doubles,Racquets
591,"Art Competitions Mixed Literature, Lyric Works",Art Competitions
592,Motorboating Mixed A-Class (Open),Motorboating
593,Archery Men's Continental Style,Archery
594,Military Ski Patrol Men's Military Ski Patrol,Military Ski Patrol
595,"Art Competitions Mixed Painting, Graphic Arts",Art Competitions
596,"Wrestling Women's Flyweight, Freestyle",Wrestling
597,"Art Competitions Mixed Literature, Unknown Event",Art Competitions
598,Sailing Mixed 0.5-1 Ton,Sailing
599,"Art Competitions Mixed Painting, Applied Arts",Art Competitions
600,"Croquet Mixed Singles, One Ball",Croquet
601,Croquet Mixed Doubles,Croquet
602,"Shooting Men's Running Target, Double Shot, Team",Shooting
603,"Shooting Men's Free Pistol, 50 yards",Shooting
604,"Shooting Men's Free Pistol, 50 yards, Team",Shooting
605,"Fencing Men's epee, Masters and Amateurs, Individual",Fencing
606,Swimming Men's 10 kilometres Open Water,Swimming
607,"Art Competitions Mixed Music, Compositions For Orchestra",Art Competitions
608,Archery Men's Double York Round,Archery
609,"Wrestling Women's Middleweight, Freestyle",Wrestling
610,"Equestrianism Men's Vaulting, Individual",Equestrianism
611,Swimming Men's 4 x 250 metres Freestyle Relay,Swimming
612,Freestyle Skiing Women's Slopestyle,Freestyle Skiing
613,Table Tennis Women's Team,Table Tennis
614,Athletics Women's Hammer Throw,Athletics
615,"Canoeing Men's Kayak Singles, 200 metres",Canoeing
616,Short Track Speed Skating Women's 500 metres,Short Track Speed Skating
617,Shooting Women's Double Trap,Shooting
618,Rowing Men's 6-Man Naval Rowing Boats,Rowing
619,Art Competitions Mixed Music,Art Competitions
620,"Shooting Men's Free Rifle, Kneeling, 300 metres",Shooting
621,"Shooting Men's Free Rifle, Prone, 300 metres",Shooting
622,"Shooting Men's Free Rifle, Standing, 300 metres",Shooting
623,"Short Track Speed Skating Women's 1,000 metres",Short Track Speed Skating
624,"Athletics Men's 3,200 metres Steeplechase",Athletics
625,Rowing Women's Coxless Fours,Rowing
626,Freestyle Skiing Women's Ski Cross,Freestyle Skiing
627,Freestyle Skiing Men's Ski Cross,Freestyle Skiing
628,"Tennis Men's Doubles, Covered Courts",Tennis
629,"Tennis Men's Singles, Covered Courts",Tennis
630,Cycling Men's 25 kilometres,Cycling
631,"Nordic Combined Men's Normal Hill / 10 km, Individual",Nordic Combined
632,"Nordic Combined Men's Large Hill / 10 km, Individual",Nordic Combined
633,"Shooting Men's Military Rifle, 200 metres",Shooting
634,"Short Track Speed Skating Women's 1,500 metres",Short Track Speed Skating
635,Athletics Men's Standing Triple Jump,Athletics
636,Rowing Men's Coxed Pairs (1 kilometres),Rowing
637,"Shooting Men's Military Pistol, 30 metres",Shooting
638,Cycling Women's Keirin,Cycling
639,"Archery Men's Au Cordon Dore, 50 metres",Archery
640,Swimming Women's 300 metres Freestyle,Swimming
641,Snowboarding Women's Giant Slalom,Snowboarding
642,"Canoeing Men's Canadian Singles, 200 metres",Canoeing
643,Sailing Mixed 30 metres,Sailing
644,"Athletics Men's 4,000 metres Steeplechase",Athletics
645,"Athletics Men's 5,000 metres, Team",Athletics
646,Snowboarding Men's Slopestyle,Snowboarding
647,Rowing Men's Coxed Pairs (1 mile),Rowing
648,Art Competitions Mixed Unknown Event,Art Competitions
649,Cycling Women's Omnium,Cycling
650,Freestyle Skiing Men's Halfpipe,Freestyle Skiing
651,Swimming Men's 200 metres Obstacle Course,Swimming
652,Swimming Men's 200 metres Team Swimming,Swimming
653,Sailing Mixed 12 foot,Sailing
654,"Art Competitions Mixed Music, Instrumental And Chamber",Art Competitions
655,"Art Competitions Mixed Music, Vocals",Art Competitions
656,"Art Competitions Mixed Literature, Dramatic Works",Art Competitions
657,Jeu De Paume Men's Singles,Jeu De Paume
658,Sailing Mixed 10-20 Ton,Sailing
659,Cycling Men's 1/3 mile,Cycling
660,Cycling Men's 1 mile,Cycling
661,Cycling Men's 2 mile,Cycling
662,"Art Competitions Mixed Sculpturing, Medals And Plaques",Art Competitions
663,"Athletics Men's 1,600 metres Medley Relay",Athletics
664,"Croquet Mixed Singles, Two Balls",Croquet
665,"Canoeing Men's Folding Kayak Doubles, 10 kilometres",Canoeing
666,Athletics Men's 60 metres,Athletics
667,Snowboarding Women's Parallel Giant Slalom,Snowboarding
668,Sailing Mixed 2-3 Ton,Sailing
669,Speed Skating Men's Allround,Speed Skating
670,"Shooting Men's Military Rifle, Prone, 600 metres",Shooting
671,"Canoeing Men's Canadian Doubles, 10,000 metres",Canoeing
672,Snowboarding Women's Parallel Slalom,Snowboarding
673,"Shooting Men's Dueling Pistol, 30 metres, Team",Shooting
674,"Gymnastics Men's Parallel Bars, Teams",Gymnastics
675,"Gymnastics Men's Horizontal Bar, Teams",Gymnastics
676,"Shooting Men's Small-Bore Rifle, Disappearing Target, 25 metres, Team",Shooting
677,"Art Competitions Mixed Sculpturing, Medals And Reliefs",Art Competitions
678,"Athletics Men's 1,500 metres Walk",Athletics
679,"Athletics Men's 3 mile, Team",Athletics
680,"Art Competitions Mixed Sculpturing, Medals",Art Competitions
681,"Shooting Men's Military Rifle, Kneeling Or Standing, 300 metres",Shooting
682,"Equestrianism Men's Vaulting, Team",Equestrianism
683,"Shooting Men's Free Rifle, Any Position, 300 metres",Shooting
684,"Shooting Men's Military Rifle, 1873-1874 Gras Model, Kneeling Or Standing, 200 metres",Shooting
685,Swimming Men's 100 Yard Backstroke,Swimming
686,Swimming Men's 440 Yard Breaststroke,Swimming
687,"Art Competitions Mixed Literature, Epic Works",Art Competitions
688,Art Competitions Mixed Architecture,Art Competitions
689,"Athletics Men's 3,500 metres Walk",Athletics
690,Roque Men's Singles,Roque
691,Gymnastics Men's Side Horse,Gymnastics
692,Alpinism Mixed Alpinism,Alpinism
693,Archery Men's Double American Round,Archery
694,Archery Men's Team Round,Archery
695,"Archery Men's Target Archery, 33 metres, Individual",Archery
696,"Archery Men's Target Archery, 50 metres, Individual",Archery
697,"Swimming Men's 1,000 metres Freestyle",Swimming
698,Athletics Men's 10 mile Walk,Athletics
699,"Athletics Men's Discus Throw, Both Hands",Athletics
700,Golf Men's Team,Golf
701,Sailing Mixed 0-0.5 Ton,Sailing
702,Sailing Mixed 20+ Ton,Sailing
703,Cycling Women's Team Sprint,Cycling
704,"Weightlifting Men's Unlimited, Two Hands",Weightlifting
705,"Shooting Men's Free Pistol, 25 metres",Shooting
706,"Shooting Men's Military Revolver, 1873-1874 Gras Model, 20 metres",Shooting
707,"Shooting Men's Military Revolver, 20 metres",Shooting
708,Shooting Men's Dueling Pistol Au Vise 20 metres,Shooting
709,"Shooting Men's Dueling Pistol Au Commandement, 25 metres",Shooting
710,"Shooting Men's Small-Bore Rifle, Prone, 50 metres, Team",Shooting
711,Sailing Mixed 6.5 metres,Sailing
712,Athletics Men's 200 metres Hurdles,Athletics
713,Athletics Men's 56-pound Weight Throw,Athletics
714,Equestrianism Mixed Four-In-Hand Competition,Equestrianism
715,"Athletics Men's 2,500 metres Steeplechase",Athletics
716,"Art Competitions Mixed Music, Unknown Event",Art Competitions
717,Athletics Men's All-Around Championship,Athletics
718,"Archery Men's Pole Archery, Small Birds, Individual",Archery
719,"Archery Men's Pole Archery, Large Birds, Individual",Archery
720,"Archery Men's Pole Archery, Small Birds, Team",Archery
721,"Archery Men's Pole Archery, Large Birds, Team",Archery
722,"Athletics Men's 2,590 metres Steeplechase",Athletics
723,Archery Women's Double Columbia Round,Archery
724,"Athletics Men's 4 mile, Team",Athletics
725,Figure Skating Men's Special Figures,Figure Skating
726,"Shooting Men's Military Rifle, Standing, 300 metres",Shooting
727,Swimming Men's 50 yard Freestyle,Swimming
728,Swimming Men's 100 yard Freestyle,Swimming
729,Swimming Men's 440 yard Freestyle,Swimming
730,Basque Pelota Men's Two-Man Teams With Cesta,Basque Pelota
731,"Shooting Men's Trap, Single Shot, 16 metres",Shooting
732,"Shooting Men's Trap, Double Shot, 14 metres",Shooting
733,Equestrianism Mixed Long Jump,Equestrianism
734,"Canoeing Men's Folding Kayak Singles, 10 kilometres",Canoeing
735,"Shooting Men's Free Pistol, 30 metres",Shooting
736,"Shooting Men's Military Pistol, 25 metres",Shooting
737,Swimming Men's 100 metres Freestyle For Sailors,Swimming
738,Archery Men's Sur La Perche a La Herse,Archery
739,Sailing Mixed 3-10 Ton,Sailing
740,"Gymnastics Men's Individual All-Around, 4 Events",Gymnastics
741,"Wrestling Men's Unlimited Class, Greco-Roman",Wrestling
742,Motorboating Mixed B-Class (Under 60 Feet),Motorboating
743,Motorboating Mixed C-Class,Motorboating
744,"Cycling Men's 10,000 metres",Cycling
745,"Art Competitions Mixed Sculpturing, Reliefs",Art Competitions
746,"Shooting Men's Muzzle-Loading Pistol, 25 metres",Shooting
747,Equestrianism Mixed High Jump,Equestrianism
748,Archery Men's Sur La Perche a La Pyramide,Archery
749,"Fencing Men's Single Sticks, Individual",Fencing
750,Gymnastics Men's Tumbling,Gymnastics
751,Shooting Men's Unknown Event,Shooting
752,Sailing Mixed 18 foot,Sailing
753,Archery Men's Unknown Event,Archery
754,"Archery Men's Au Chapelet, 50 metres",Archery
755,Archery Men's Championnat Du Monde,Archery
756,Archery Women's Team Round,Archery
757,"Wrestling Men's All-Around, Greco-Roman",Wrestling
758,Cycling Men's 12-Hours Race,Cycling
759,Swimming Men's 500 metres Freestyle,Swimming
760,Weightlifting Men's All-Around Dumbbell Contest,Weightlifting
761,"Archery Men's Au Chapelet, 33 metres",Archery
762,"Archery Men's Au Cordon Dore, 33 metres",Archery
763,"Archery Men's Target Archery, 28 metres, Individual",Archery
764,Aeronautics Mixed Aeronautics,Aeronautics
